{"is_source_file": true, "format": "JavaScript", "description": "This file defines an Express.js route for the root endpoint '/' which serves as a health check. It sets up a GET route that responds with the service health status, referencing a health controller for the logic.", "external_files": ["../controllers/health"], "external_methods": ["healthController.check"], "published": ["router"], "classes": [], "methods": [{"name": "healthController.check", "description": "Handles the health check request and returns service health status."}], "calls": ["express.Router", "healthController.check.bind"], "search-terms": ["/", "health endpoint", "express", "router.get", "healthController", "bind"], "state": 2, "file_id": 15, "knowledge_revision": 17, "git_revision": "eb1c271884679a37a0e400a543e274e9c86bb2c7", "ctags": [{"_type": "tag", "name": "express", "path": "/home/kavia/workspace/code-generation/cloud-resource-management-platform-311596-311606/express_api_server/src/routes/index.js", "pattern": "/^const express = require('express');$/", "language": "JavaScript", "kind": "constant"}, {"_type": "tag", "name": "healthController", "path": "/home/kavia/workspace/code-generation/cloud-resource-management-platform-311596-311606/express_api_server/src/routes/index.js", "pattern": "/^const healthController = require('..\\/controllers\\/health');$/", "language": "JavaScript", "kind": "constant"}, {"_type": "tag", "name": "router", "path": "/home/kavia/workspace/code-generation/cloud-resource-management-platform-311596-311606/express_api_server/src/routes/index.js", "pattern": "/^const router = express.Router();$/", "language": "JavaScript", "kind": "constant"}], "hash": "65440e156977076adec2544b5e71e9b6", "format-version": 4, "code-base-name": "express_api_server", "filename": "express_api_server/src/routes/index.js", "revision_history": [{"17": "eb1c271884679a37a0e400a543e274e9c86bb2c7"}]}