{"is_source_file": true, "file_id": 4, "git_revision": "", "state": 1, "description": "", "external_files": [], "external_methods": [], "published": [], "classes": [], "methods": [], "calls": [], "search-terms": [], "ctags": [{"_type": "tag", "name": "fs", "path": "/home/kavia/workspace/code-generation/cloud-resource-management-platform-311596-311606/express_api_server/generate_openapi.js", "pattern": "/^const fs = require('fs');$/", "language": "JavaScript", "kind": "constant"}, {"_type": "tag", "name": "outputDir", "path": "/home/kavia/workspace/code-generation/cloud-resource-management-platform-311596-311606/express_api_server/generate_openapi.js", "pattern": "/^const outputDir = path.join(__dirname, 'interfaces');$/", "language": "JavaScript", "kind": "constant"}, {"_type": "tag", "name": "outputPath", "path": "/home/kavia/workspace/code-generation/cloud-resource-management-platform-311596-311606/express_api_server/generate_openapi.js", "pattern": "/^const outputPath = path.join(outputDir, 'openapi.json');$/", "language": "JavaScript", "kind": "constant"}, {"_type": "tag", "name": "path", "path": "/home/kavia/workspace/code-generation/cloud-resource-management-platform-311596-311606/express_api_server/generate_openapi.js", "pattern": "/^const path = require('path');$/", "language": "JavaScript", "kind": "constant"}, {"_type": "tag", "name": "swaggerSpec", "path": "/home/kavia/workspace/code-generation/cloud-resource-management-platform-311596-311606/express_api_server/generate_openapi.js", "pattern": "/^const swaggerSpec = require('.\\/swagger');$/", "language": "JavaScript", "kind": "constant"}], "format": "JavaScript", "hash": "55a8452439ff8971a692025b12dc20dc", "format-version": 4, "code-base-name": "express_api_server", "filename": "express_api_server/generate_openapi.js", "knowledge_revision": 5}