{"is_source_file": true, "format": "JavaScript", "description": "This source file defines a controller class 'HealthController' for handling health check requests in an Express.js application. It includes a method 'check' that responds with the application's health status obtained from a service.", "external_files": ["../services/health"], "external_methods": ["healthService.getStatus"], "published": ["new HealthController()"], "classes": [{"name": "HealthController", "description": "A controller class responsible for handling health check endpoints."}], "methods": [{"name": "check(req, res)", "description": "Handles incoming health check requests and responds with the current health status.", "scope": "HealthController", "scopeKind": "class"}], "calls": ["healthService.getStatus", "res.status", "res.json"], "search-terms": ["HealthController", "health.js", "check method", "healthService"], "state": 2, "file_id": 16, "knowledge_revision": 15, "git_revision": "eb1c271884679a37a0e400a543e274e9c86bb2c7", "ctags": [{"_type": "tag", "name": "HealthController", "path": "/home/kavia/workspace/code-generation/cloud-resource-management-platform-311596-311606/express_api_server/src/controllers/health.js", "pattern": "/^class HealthController {$/", "language": "JavaScript", "kind": "class"}, {"_type": "tag", "name": "check", "path": "/home/kavia/workspace/code-generation/cloud-resource-management-platform-311596-311606/express_api_server/src/controllers/health.js", "pattern": "/^  check(req, res) {$/", "language": "JavaScript", "kind": "method", "signature": "(req, res)", "scope": "HealthController", "scopeKind": "class"}, {"_type": "tag", "name": "exports", "path": "/home/kavia/workspace/code-generation/cloud-resource-management-platform-311596-311606/express_api_server/src/controllers/health.js", "pattern": "/^module.exports = new HealthController();$/", "language": "JavaScript", "kind": "variable", "scope": "module", "scopeKind": "class"}, {"_type": "tag", "name": "healthService", "path": "/home/kavia/workspace/code-generation/cloud-resource-management-platform-311596-311606/express_api_server/src/controllers/health.js", "pattern": "/^const healthService = require('..\\/services\\/health');$/", "language": "JavaScript", "kind": "constant"}], "hash": "05c26663041fbc83dd60748f0bc705da", "format-version": 4, "code-base-name": "express_api_server", "filename": "express_api_server/src/controllers/health.js", "fields": [{"name": "module.exports = new HealthController();", "scope": "module", "scopeKind": "class", "description": "unavailable"}], "revision_history": [{"15": "eb1c271884679a37a0e400a543e274e9c86bb2c7"}]}