{"is_source_file": true, "format": "JavaScript", "description": "This file sets up and starts an Express.js server, listening on a specified port and host. It also handles graceful shutdown on receiving SIGTERM signal.", "external_files": ["./app"], "external_methods": ["app.listen", "server.close", "console.log", "process.on", "process.exit"], "published": ["server"], "classes": [], "methods": [{"name": "app.listen", "description": "Starts the Express application listening on specified port and host."}, {"name": "server.close", "description": "Closes the server gracefully when shutdown is initiated."}], "calls": ["app.listen", "server.close", "console.log", "process.on", "process.exit"], "search-terms": ["express_server", "server_start", "graceful_shutdown", "port_host_configuration"], "state": 2, "file_id": 14, "knowledge_revision": 18, "git_revision": "eb1c271884679a37a0e400a543e274e9c86bb2c7", "ctags": [{"_type": "tag", "name": "HOST", "path": "/home/kavia/workspace/code-generation/cloud-resource-management-platform-311596-311606/express_api_server/src/server.js", "pattern": "/^const HOST = process.env.HOST || '0.0.0.0';$/", "language": "JavaScript", "kind": "constant"}, {"_type": "tag", "name": "PORT", "path": "/home/kavia/workspace/code-generation/cloud-resource-management-platform-311596-311606/express_api_server/src/server.js", "pattern": "/^const PORT = process.env.PORT || 3000;$/", "language": "JavaScript", "kind": "constant"}, {"_type": "tag", "name": "app", "path": "/home/kavia/workspace/code-generation/cloud-resource-management-platform-311596-311606/express_api_server/src/server.js", "pattern": "/^const app = require('.\\/app');$/", "language": "JavaScript", "kind": "constant"}, {"_type": "tag", "name": "server", "path": "/home/kavia/workspace/code-generation/cloud-resource-management-platform-311596-311606/express_api_server/src/server.js", "pattern": "/^const server = app.listen(PORT, HOST, () => {$/", "language": "JavaScript", "kind": "constant"}], "hash": "e5d7d8ed0764ea86a77b8fe15cd2b83e", "format-version": 4, "code-base-name": "express_api_server", "filename": "express_api_server/src/server.js", "revision_history": [{"18": "eb1c271884679a37a0e400a543e274e9c86bb2c7"}]}