{"is_source_file": true, "format": "JavaScript", "description": "Main server setup file for an Express.js application, configuring middleware, CORS, Swagger documentation, routing, and error handling.", "external_files": ["./routes", "../swagger"], "external_methods": ["swaggerUi.serve", "swaggerUi.setup"], "published": ["app"], "classes": [], "methods": [{"name": "app.use", "description": "Configures middleware for handling CORS, Swagger docs, JSON parsing, routing, and error handling."}], "calls": ["require('cors')", "require('express')", "require('./routes')", "require('../swagger')", "swaggerUi.serve", "swaggerUi.setup", "app.use", "app.set", "req.get", "req.protocol", "req.socket.localPort", "req.secure", "swaggerUi.setup(dynamicSpec)", "express.json()", "console.error", "res.status", "res.json", "module.exports"], "search-terms": ["express_server", "swagger_configuration", "cors_middleware", "route_mount", "error_handling"], "state": 2, "file_id": 13, "knowledge_revision": 16, "git_revision": "eb1c271884679a37a0e400a543e274e9c86bb2c7", "ctags": [{"_type": "tag", "name": "app", "path": "/home/kavia/workspace/code-generation/cloud-resource-management-platform-311596-311606/express_api_server/src/app.js", "pattern": "/^const app = express();$/", "language": "JavaScript", "kind": "constant"}, {"_type": "tag", "name": "cors", "path": "/home/kavia/workspace/code-generation/cloud-resource-management-platform-311596-311606/express_api_server/src/app.js", "pattern": "/^const cors = require('cors');$/", "language": "JavaScript", "kind": "constant"}, {"_type": "tag", "name": "express", "path": "/home/kavia/workspace/code-generation/cloud-resource-management-platform-311596-311606/express_api_server/src/app.js", "pattern": "/^const express = require('express');$/", "language": "JavaScript", "kind": "constant"}, {"_type": "tag", "name": "routes", "path": "/home/kavia/workspace/code-generation/cloud-resource-management-platform-311596-311606/express_api_server/src/app.js", "pattern": "/^const routes = require('.\\/routes');$/", "language": "JavaScript", "kind": "constant"}, {"_type": "tag", "name": "swaggerSpec", "path": "/home/kavia/workspace/code-generation/cloud-resource-management-platform-311596-311606/express_api_server/src/app.js", "pattern": "/^const swaggerSpec = require('..\\/swagger');$/", "language": "JavaScript", "kind": "constant"}, {"_type": "tag", "name": "swaggerUi", "path": "/home/kavia/workspace/code-generation/cloud-resource-management-platform-311596-311606/express_api_server/src/app.js", "pattern": "/^const swaggerUi = require('swagger-ui-express');$/", "language": "JavaScript", "kind": "constant"}], "hash": "5df3172f6e958a99d255956f667b1de4", "format-version": 4, "code-base-name": "express_api_server", "filename": "express_api_server/src/app.js", "revision_history": [{"16": "eb1c271884679a37a0e400a543e274e9c86bb2c7"}]}